Well Position	Name	Barcode	F5	i5	N5
A1	next5-1+TCGCTGAA	TCGCTGAA	AATGATACGGCGACCACCGAGATCTACAC	TCGCTGAA	TCGTCGGCAGCGTC
A2	next5-2+CTCCAGGA	CTCCAGGA	AATGATACGGCGACCACCGAGATCTACAC	CTCCAGGA	TCGTCGGCAGCGTC
A3	next5-3+ATGGCTAA	ATGGCTAA	AATGATACGGCGACCACCGAGATCTACAC	ATGGCTAA	TCGTCGGCAGCGTC
A4	next5-4+TGGAACGG	TGGAACGG	AATGATACGGCGACCACCGAGATCTACAC	TGGAACGG	TCGTCGGCAGCGTC
A5	next5-5+TTCGCCTC	TTCGCCTC	AATGATACGGCGACCACCGAGATCTACAC	TTCGCCTC	TCGTCGGCAGCGTC
A6	next5-6+AGAGTATC	AGAGTATC	AATGATACGGCGACCACCGAGATCTACAC	AGAGTATC	TCGTCGGCAGCGTC
A7	next5-7+GTTGGCCT	GTTGGCCT	AATGATACGGCGACCACCGAGATCTACAC	GTTGGCCT	TCGTCGGCAGCGTC
A8	next5-8+TGGTACTA	TGGTACTA	AATGATACGGCGACCACCGAGATCTACAC	TGGTACTA	TCGTCGGCAGCGTC
A9	next5-9+CCAAGGTA	CCAAGGTA	AATGATACGGCGACCACCGAGATCTACAC	CCAAGGTA	TCGTCGGCAGCGTC
A10	next5-10+CCGCCTAG	CCGCCTAG	AATGATACGGCGACCACCGAGATCTACAC	CCGCCTAG	TCGTCGGCAGCGTC
A11	next5-11+GCGCCAGC	GCGCCAGC	AATGATACGGCGACCACCGAGATCTACAC	GCGCCAGC	TCGTCGGCAGCGTC
A12	next5-12+GTTCTATA	GTTCTATA	AATGATACGGCGACCACCGAGATCTACAC	GTTCTATA	TCGTCGGCAGCGTC
B1	next5-13+TCTATCAT	TCTATCAT	AATGATACGGCGACCACCGAGATCTACAC	TCTATCAT	TCGTCGGCAGCGTC
B2	next5-14+GTTCCTGA	GTTCCTGA	AATGATACGGCGACCACCGAGATCTACAC	GTTCCTGA	TCGTCGGCAGCGTC
B3	next5-15+CCGCGCTT	CCGCGCTT	AATGATACGGCGACCACCGAGATCTACAC	CCGCGCTT	TCGTCGGCAGCGTC
B4	next5-16+AACTTCGT	AACTTCGT	AATGATACGGCGACCACCGAGATCTACAC	AACTTCGT	TCGTCGGCAGCGTC
B5	next5-17+TTAACCTG	TTAACCTG	AATGATACGGCGACCACCGAGATCTACAC	TTAACCTG	TCGTCGGCAGCGTC
B6	next5-18+CTTGATCC	CTTGATCC	AATGATACGGCGACCACCGAGATCTACAC	CTTGATCC	TCGTCGGCAGCGTC
B7	next5-19+TTAGAACT	TTAGAACT	AATGATACGGCGACCACCGAGATCTACAC	TTAGAACT	TCGTCGGCAGCGTC
B8	next5-20+TCTTATAT	TCTTATAT	AATGATACGGCGACCACCGAGATCTACAC	TCTTATAT	TCGTCGGCAGCGTC
B9	next5-21+GAACGCAT	GAACGCAT	AATGATACGGCGACCACCGAGATCTACAC	GAACGCAT	TCGTCGGCAGCGTC
B10	next5-22+TTATTAGA	TTATTAGA	AATGATACGGCGACCACCGAGATCTACAC	TTATTAGA	TCGTCGGCAGCGTC
B11	next5-23+GTTAAGCG	GTTAAGCG	AATGATACGGCGACCACCGAGATCTACAC	GTTAAGCG	TCGTCGGCAGCGTC
B12	next5-24+TCCTGGCG	TCCTGGCG	AATGATACGGCGACCACCGAGATCTACAC	TCCTGGCG	TCGTCGGCAGCGTC
C1	next5-25+CGGCAACG	CGGCAACG	AATGATACGGCGACCACCGAGATCTACAC	CGGCAACG	TCGTCGGCAGCGTC
C2	next5-26+AACTATAT	AACTATAT	AATGATACGGCGACCACCGAGATCTACAC	AACTATAT	TCGTCGGCAGCGTC
C3	next5-27+AAGCCAAT	AAGCCAAT	AATGATACGGCGACCACCGAGATCTACAC	AAGCCAAT	TCGTCGGCAGCGTC
C4	next5-28+TTATGACC	TTATGACC	AATGATACGGCGACCACCGAGATCTACAC	TTATGACC	TCGTCGGCAGCGTC
C5	next5-29+GGTTCTCA	GGTTCTCA	AATGATACGGCGACCACCGAGATCTACAC	GGTTCTCA	TCGTCGGCAGCGTC
C6	next5-30+GAATGGTA	GAATGGTA	AATGATACGGCGACCACCGAGATCTACAC	GAATGGTA	TCGTCGGCAGCGTC
C7	next5-31+AACTAAGC	AACTAAGC	AATGATACGGCGACCACCGAGATCTACAC	AACTAAGC	TCGTCGGCAGCGTC
C8	next5-32+GGTATCGC	GGTATCGC	AATGATACGGCGACCACCGAGATCTACAC	GGTATCGC	TCGTCGGCAGCGTC
C9	next5-33+GGAATAGA	GGAATAGA	AATGATACGGCGACCACCGAGATCTACAC	GGAATAGA	TCGTCGGCAGCGTC
C10	next5-34+CGAGAGGC	CGAGAGGC	AATGATACGGCGACCACCGAGATCTACAC	CGAGAGGC	TCGTCGGCAGCGTC
C11	next5-35+TCATTGAT	TCATTGAT	AATGATACGGCGACCACCGAGATCTACAC	TCATTGAT	TCGTCGGCAGCGTC
C12	next5-36+TCGAGCAG	TCGAGCAG	AATGATACGGCGACCACCGAGATCTACAC	TCGAGCAG	TCGTCGGCAGCGTC
D1	next5-37+TCCAATAG	TCCAATAG	AATGATACGGCGACCACCGAGATCTACAC	TCCAATAG	TCGTCGGCAGCGTC
D2	next5-38+AACTGACT	AACTGACT	AATGATACGGCGACCACCGAGATCTACAC	AACTGACT	TCGTCGGCAGCGTC
D3	next5-39+AACTTGCC	AACTTGCC	AATGATACGGCGACCACCGAGATCTACAC	AACTTGCC	TCGTCGGCAGCGTC
D4	next5-40+GGTCGCTG	GGTCGCTG	AATGATACGGCGACCACCGAGATCTACAC	GGTCGCTG	TCGTCGGCAGCGTC
D5	next5-41+GGAGTCGT	GGAGTCGT	AATGATACGGCGACCACCGAGATCTACAC	GGAGTCGT	TCGTCGGCAGCGTC
D6	next5-42+ACCAGCTG	ACCAGCTG	AATGATACGGCGACCACCGAGATCTACAC	ACCAGCTG	TCGTCGGCAGCGTC
D7	next5-43+CTGCCATA	CTGCCATA	AATGATACGGCGACCACCGAGATCTACAC	CTGCCATA	TCGTCGGCAGCGTC
D8	next5-44+TGGCATCC	TGGCATCC	AATGATACGGCGACCACCGAGATCTACAC	TGGCATCC	TCGTCGGCAGCGTC
D9	next5-45+AAGACGAA	AAGACGAA	AATGATACGGCGACCACCGAGATCTACAC	AAGACGAA	TCGTCGGCAGCGTC
D10	next5-46+CAACGTCA	CAACGTCA	AATGATACGGCGACCACCGAGATCTACAC	CAACGTCA	TCGTCGGCAGCGTC
D11	next5-47+TTCTATCC	TTCTATCC	AATGATACGGCGACCACCGAGATCTACAC	TTCTATCC	TCGTCGGCAGCGTC
D12	next5-48+TCAGGAGA	TCAGGAGA	AATGATACGGCGACCACCGAGATCTACAC	TCAGGAGA	TCGTCGGCAGCGTC
E1	next5-49+AACCAGTC	AACCAGTC	AATGATACGGCGACCACCGAGATCTACAC	AACCAGTC	TCGTCGGCAGCGTC
E2	next5-50+CCTCGATG	CCTCGATG	AATGATACGGCGACCACCGAGATCTACAC	CCTCGATG	TCGTCGGCAGCGTC
E3	next5-51+AAGAGCGG	AAGAGCGG	AATGATACGGCGACCACCGAGATCTACAC	AAGAGCGG	TCGTCGGCAGCGTC
E4	next5-52+AACCTTAG	AACCTTAG	AATGATACGGCGACCACCGAGATCTACAC	AACCTTAG	TCGTCGGCAGCGTC
E5	next5-53+TTGATCTC	TTGATCTC	AATGATACGGCGACCACCGAGATCTACAC	TTGATCTC	TCGTCGGCAGCGTC
E6	next5-54+AAGACTTG	AAGACTTG	AATGATACGGCGACCACCGAGATCTACAC	AAGACTTG	TCGTCGGCAGCGTC
E7	next5-55+GCATTAGC	GCATTAGC	AATGATACGGCGACCACCGAGATCTACAC	GCATTAGC	TCGTCGGCAGCGTC
E8	next5-56+CTTCTACC	CTTCTACC	AATGATACGGCGACCACCGAGATCTACAC	CTTCTACC	TCGTCGGCAGCGTC
E9	next5-57+GGTAAGTA	GGTAAGTA	AATGATACGGCGACCACCGAGATCTACAC	GGTAAGTA	TCGTCGGCAGCGTC
E10	next5-58+TCGGTTAT	TCGGTTAT	AATGATACGGCGACCACCGAGATCTACAC	TCGGTTAT	TCGTCGGCAGCGTC
E11	next5-59+TTCGAGGC	TTCGAGGC	AATGATACGGCGACCACCGAGATCTACAC	TTCGAGGC	TCGTCGGCAGCGTC
E12	next5-60+CGTCATAT	CGTCATAT	AATGATACGGCGACCACCGAGATCTACAC	CGTCATAT	TCGTCGGCAGCGTC
F1	next5-61+CGCTGGAT	CGCTGGAT	AATGATACGGCGACCACCGAGATCTACAC	CGCTGGAT	TCGTCGGCAGCGTC
F2	next5-62+CGCTCTCT	CGCTCTCT	AATGATACGGCGACCACCGAGATCTACAC	CGCTCTCT	TCGTCGGCAGCGTC
F3	next5-63+GCTGATCT	GCTGATCT	AATGATACGGCGACCACCGAGATCTACAC	GCTGATCT	TCGTCGGCAGCGTC
F4	next5-64+TTATCATT	TTATCATT	AATGATACGGCGACCACCGAGATCTACAC	TTATCATT	TCGTCGGCAGCGTC
F5	next5-65+AGTATACG	AGTATACG	AATGATACGGCGACCACCGAGATCTACAC	AGTATACG	TCGTCGGCAGCGTC
F6	next5-66+CCAATGCT	CCAATGCT	AATGATACGGCGACCACCGAGATCTACAC	CCAATGCT	TCGTCGGCAGCGTC
F7	next5-67+CCAGAGAT	CCAGAGAT	AATGATACGGCGACCACCGAGATCTACAC	CCAGAGAT	TCGTCGGCAGCGTC
F8	next5-68+GGTTGATC	GGTTGATC	AATGATACGGCGACCACCGAGATCTACAC	GGTTGATC	TCGTCGGCAGCGTC
F9	next5-69+GGCTTGCG	GGCTTGCG	AATGATACGGCGACCACCGAGATCTACAC	GGCTTGCG	TCGTCGGCAGCGTC
F10	next5-70+TGCTATGA	TGCTATGA	AATGATACGGCGACCACCGAGATCTACAC	TGCTATGA	TCGTCGGCAGCGTC
F11	next5-71+TTGACTAT	TTGACTAT	AATGATACGGCGACCACCGAGATCTACAC	TTGACTAT	TCGTCGGCAGCGTC
F12	next5-72+AAGCATCG	AAGCATCG	AATGATACGGCGACCACCGAGATCTACAC	AAGCATCG	TCGTCGGCAGCGTC
G1	next5-73+CGCCGATC	CGCCGATC	AATGATACGGCGACCACCGAGATCTACAC	CGCCGATC	TCGTCGGCAGCGTC
G2	next5-74+GAACGAGA	GAACGAGA	AATGATACGGCGACCACCGAGATCTACAC	GAACGAGA	TCGTCGGCAGCGTC
G3	next5-75+GAAGTCTC	GAAGTCTC	AATGATACGGCGACCACCGAGATCTACAC	GAAGTCTC	TCGTCGGCAGCGTC
G4	next5-76+AACGTTGA	AACGTTGA	AATGATACGGCGACCACCGAGATCTACAC	AACGTTGA	TCGTCGGCAGCGTC
G5	next5-77+AAGCTCTG	AAGCTCTG	AATGATACGGCGACCACCGAGATCTACAC	AAGCTCTG	TCGTCGGCAGCGTC
G6	next5-78+AACGCCTG	AACGCCTG	AATGATACGGCGACCACCGAGATCTACAC	AACGCCTG	TCGTCGGCAGCGTC
G7	next5-79+GCTTCGGA	GCTTCGGA	AATGATACGGCGACCACCGAGATCTACAC	GCTTCGGA	TCGTCGGCAGCGTC
G8	next5-80+CCTGGTAA	CCTGGTAA	AATGATACGGCGACCACCGAGATCTACAC	CCTGGTAA	TCGTCGGCAGCGTC
G9	next5-81+AACGCGGT	AACGCGGT	AATGATACGGCGACCACCGAGATCTACAC	AACGCGGT	TCGTCGGCAGCGTC
G10	next5-82+TCTAGCGC	TCTAGCGC	AATGATACGGCGACCACCGAGATCTACAC	TCTAGCGC	TCGTCGGCAGCGTC
G11	next5-83+AACTCTCG	AACTCTCG	AATGATACGGCGACCACCGAGATCTACAC	AACTCTCG	TCGTCGGCAGCGTC
G12	next5-84+CCAACCGC	CCAACCGC	AATGATACGGCGACCACCGAGATCTACAC	CCAACCGC	TCGTCGGCAGCGTC
H1	next5-85+ACTACGAG	ACTACGAG	AATGATACGGCGACCACCGAGATCTACAC	ACTACGAG	TCGTCGGCAGCGTC
H2	next5-86+GATGCGAA	GATGCGAA	AATGATACGGCGACCACCGAGATCTACAC	GATGCGAA	TCGTCGGCAGCGTC
H3	next5-87+ATGACGCG	ATGACGCG	AATGATACGGCGACCACCGAGATCTACAC	ATGACGCG	TCGTCGGCAGCGTC
H4	next5-88+CTTGACTT	CTTGACTT	AATGATACGGCGACCACCGAGATCTACAC	CTTGACTT	TCGTCGGCAGCGTC
H5	next5-89+AGGATGCT	AGGATGCT	AATGATACGGCGACCACCGAGATCTACAC	AGGATGCT	TCGTCGGCAGCGTC
H6	next5-90+CTAGGCTA	CTAGGCTA	AATGATACGGCGACCACCGAGATCTACAC	CTAGGCTA	TCGTCGGCAGCGTC
H7	next5-91+GGTATGAG	GGTATGAG	AATGATACGGCGACCACCGAGATCTACAC	GGTATGAG	TCGTCGGCAGCGTC
H8	next5-92+CTGGCAAG	CTGGCAAG	AATGATACGGCGACCACCGAGATCTACAC	CTGGCAAG	TCGTCGGCAGCGTC
H9	next5-93+CTGCGAAC	CTGCGAAC	AATGATACGGCGACCACCGAGATCTACAC	CTGCGAAC	TCGTCGGCAGCGTC
H10	next5-94+AGAGGCGC	AGAGGCGC	AATGATACGGCGACCACCGAGATCTACAC	AGAGGCGC	TCGTCGGCAGCGTC
H11	next5-95+TGATCCGC	TGATCCGC	AATGATACGGCGACCACCGAGATCTACAC	TGATCCGC	TCGTCGGCAGCGTC
H12	next5-96+AACGATCC	AACGATCC	AATGATACGGCGACCACCGAGATCTACAC	AACGATCC	TCGTCGGCAGCGTC
